国家/地区,来源,标签,原标题,中文标题,发布日期,原文链接
全球,Renewables Now,竞对资讯,Entr wins offshore wind study job from Canada's Net Zero Atlantic,Entr赢得了加拿大零大西洋网的岸外风力研究工作.,2026-10-05,https://renewablesnow.com/news/entr-wins-offshore-wind-study-job-from-canadas-net-zero-atlantic-1302419/
全球,Renewables Now,竞对资讯,Vattenfall pours all foundations for 63-MW Scottish wind farm project,Vattenfall为63兆瓦的苏格兰风电场项目提供了所有的基础,2026-10-05,https://renewablesnow.com/news/vattenfall-pours-all-foundations-for-63-mw-scottish-wind-farm-project-1302410/
全球,Renewables Now,竞对资讯,GreenGo gets nod for 14-MW wind project in Italy's Puglia region,GreenGo为意大利普利亚地区的14兆瓦风力项目点头,2026-10-05,https://renewablesnow.com/news/greengo-gets-nod-for-14-mw-wind-project-in-italys-puglia-region-1302379/
全球,Renewables Now,竞对资讯,Sumitomo joins Hero Future in 500-MWp Indian wind-solar project,Sumitomo加入英雄未来500MWp印度风云计划,2026-10-05,https://renewablesnow.com/news/sumitomo-joins-hero-future-in-500-mwp-indian-wind-solar-project-1302376/
全球,Renewables Now,竞对资讯,Alfanar nods to 508-MW Indian wind farm deal with KPI,Alfanar点头至508-MW 印度风电场与KPI的交易,2026-10-05,https://renewablesnow.com/news/alfanar-nods-to-508-mw-indian-wind-farm-deal-with-kpi-1302373/
全球,Renewables Now,竞对资讯,GenusPlus bags USD-94m construction deal for Aussie wind farm,"GenusPlus 包 欧西风力场9,400万美元的建筑交易",2026-10-05,https://renewablesnow.com/news/genusplus-bags-usd-94m-construction-deal-for-aussie-wind-farm-1302363/
全球,Recharge,竞对资讯,Timeline | How a string of wind turbine failures rocked floating pioneer visual and data journalism 01.10.2026,时间线 QQ 风电机组故障如何震撼了浮起的先行者视觉和数据新闻,2026-10-05,https://www.rechargenews.com/visual-and-data-journalism/timeline-how-a-string-of-wind-turbine-failures-rocked-floating-pioneer/2-1-2052367
全球,Recharge,竞对资讯,'We were stubborn and arrogant': Vestas boss on how he changed culture at wind giant people 02.10.2026,"我们固执而傲慢: Vestas老板,他如何改变文化 在风巨人人02.10. 2026",2026-10-05,https://www.rechargenews.com/people/we-were-stubborn-and-arrogant-vestas-boss-on-how-he-changed-culture-at-wind-giant/2-1-2053114
全球,Recharge,竞对资讯,Mika Ohbayashi Progress and challenges in the quest to grow offshore wind in Japan opinion 05.10.2026,大林美嘉在日本寻求发展近海风力方面的进展和挑战,2026-10-05,https://www.rechargenews.com/opinion/progress-and-challenges-in-the-quest-to-grow-offshore-wind-in-japan/2-1-2046756
全球,Recharge,竞对资讯,Second Siemens Gamesa turbine issue at same Orsted offshore wind farm in two months accidents and casualties 05.10.2026,第二次西门子赛马赛马赛马赛马赛马赛马赛马赛马赛马赛马赛马赛马赛马赛马赛马赛马赛马赛马赛马赛马赛马赛马赛马赛马赛马赛马赛马赛马赛马赛马赛马赛马赛马赛马赛马赛马赛马赛马赛马赛马赛马赛马赛马赛马赛马赛马赛马赛马赛马赛马赛马赛马赛马赛马赛马赛马赛马赛马赛马赛马赛马赛马赛马赛马赛马赛马赛马赛马赛马赛马赛马赛马赛马赛马赛马赛马赛马赛马赛马赛马赛马赛马赛马赛马赛马赛马赛马赛马赛马赛马赛马赛马赛马赛马赛马赛马赛马赛马赛马赛马赛马赛马赛马赛马赛马赛马赛马赛马赛马赛马赛马赛马赛马赛马赛马赛马赛马赛马赛马赛马赛马赛马赛马赛马赛马赛,2026-10-05,https://www.rechargenews.com/accidents-and-casualties/second-siemens-gamesa-turbine-issue-at-same-orsted-offshore-wind-farm-in-two-months/2-1-2053655
全球,Recharge,竞对资讯 / 招标采购,Vestas bags new onshore wind turbine orders totalling over 600MW,"Vestas 新的岸上风电机组订单,共计600多兆瓦",2026-10-05,https://www.rechargenews.com/onshore-wind/vestas-bags-new-onshore-wind-turbine-orders-totalling-over-600mw/2-1-2051554
全球,Recharge,竞对资讯 / 招标采购,Orsted and CIP reportedly facing off in Taiwan offshore wind auction,"据报道,Orsted和CIP在台湾的岸外风能拍卖中正对着他们",2026-10-05,https://www.rechargenews.com/auctions/orsted-and-cip-reportedly-facing-off-in-taiwan-offshore-wind-auction/2-1-2051774
全球,Recharge,竞对资讯,Fresh Chinese offshore wind push turns screw on UK analysis 01.10.2026,新鲜出炉的中国近海风力推力 英国分析,2026-10-05,https://www.rechargenews.com/analysis/fresh-chinese-offshore-wind-push-turns-screw-on-uk/2-1-2051893
全球,Recharge,竞对资讯 / 审批政策,Wind left waiting as US permitting overhaul targets wider energy bottleneck policy 02.10.2026,"随着美国允许大修,风力离开 目标更广阔的能源瓶颈政策",2026-10-05,https://www.rechargenews.com/policy/wind-left-waiting-as-us-permitting-overhaul-targets-wider-energy-bottleneck/2-1-2052789
全球,Recharge,竞对资讯,Floating pioneer faces 'long and uncertain' road to profitability after crippling turbine failures analysis 02.10.2026,"摇摆先锋面临“漫长而不确定”的赢利之路,因为风机故障分析已经失效。",2026-10-05,https://www.rechargenews.com/analysis/floating-pioneer-faces-long-and-uncertain-road-to-profitability-after-crippling-turbine-failures/2-1-2052744
哈萨克斯坦,QazaqGreen,审批政策,Australia approves 1.4 GW Wongalee wind project,25.09.2026 澳大利亚批准1.4 GW Wongalee 风力项目,2026-10-05,https://qazaqgreen.com/en/news/world/3895/
哈萨克斯坦,QazaqGreen,竞对资讯,28.09.2026 Samruk-Kazyna and Chinese companies agree to jointly develop up to 1 GW wind power project,28.09.2026 萨姆鲁克-卡日纳和中国公司同意联合开发最多1个GW风能项目.,2026-10-05,https://qazaqgreen.com/en/news/kazakhstan/3897/
哈萨克斯坦,QazaqGreen,电网建设 / 审批政策,Australia grants first licence under new offshore infrastructure regime,澳大利亚根据新的离岸基础设施制度颁发第一张许可证,2026-10-05,https://qazaqgreen.com/en/news/world/3898/
哈萨克斯坦,QazaqGreen,竞对资讯,29.09.2026 Hyperborea 150 MW wind farm reaches full design capacity,150兆瓦风力发电场达到全面设计能力,2026-10-05,https://qazaqgreen.com/en/news/kazakhstan/3901/
哈萨克斯坦,QazaqGreen,竞对资讯,AIP acquires two Swedish wind farms totalling 312 MW,"AIP收购了两所瑞典风电场,共计312兆瓦",2026-10-05,https://qazaqgreen.com/en/news/world/3905/
哈萨克斯坦,QazaqGreen,竞对资讯 / 审批政策,01.10.2026 A major wind farm worth KZT380 billion be built in Kostanay region,在科斯塔奈地区建造了价值3 800亿捷克先令的大风电场,2026-10-05,https://qazaqgreen.com/en/news/kazakhstan/3908/
印度,Energetica India – Wind Power,竞对资讯 / 审批政策,Renewable energy > Wind Power - News | Energetica India Magazine,可再生能源 > 风能 -- -- 新闻 -- -- 印度能源杂志,2026-10-05,https://www.energetica-india.net/news/renewable-energy/wind-power?page=174
印度,Energetica India – Wind Power,竞对资讯,Juniper Green Energy Commissions 101 MW Wind Capacity Across Three States - Asia Pacific | Energetica India Magazine,Juniper绿色能源委员会 101兆瓦风能跨越三个国家——亚太,2026-10-05,https://www.energetica-india.net/news/juniper-green-energy-commissions-101-mw-wind-capacity-across-three-states
印度,Energetica India – Wind Power,竞对资讯,NTPC Green Energy Adds 72.45 MW Wind Capacity in Gujarat - Asia Pacific | Energetica India Magazine,NTPC Green Energetica 印度杂志,2026-10-05,https://www.energetica-india.net/news/ntpc-green-energy-adds-72-45-mw-wind-capacity-in-gujarat
印度,Energetica India – Wind Power,竞对资讯 / 招标采购,Prism Johnson to Procure 49.5 MW Captive Wind Power from Purvah Green - Asia Pacific | Energetica India Magazine,Prism Johnson to Procure 49.5 MW Captive Wind Power from Purvah Green - 亚太 能源印度杂志,2026-10-05,https://www.energetica-india.net/news/prism-johnson-to-procure-49-5-mw-captive-wind-power-from-purvah-green
印度,Energetica India – Wind Power,竞对资讯,Envision Energy Unveils 8 MW-Class EN175/8.0 Wind Turbine at WindEnergy Hamburg - Europe | Energetica India Magazine,Envision Energy Unveils 8 MW-Class EN175/8.0 Wind Turbine at Wind Energy Hamburg - Europe – 能源印度杂志,2026-10-05,https://www.energetica-india.net/news/envision-energy-unveils-8-mw-class-en175-80-wind-turbine-at-windenergy-hamburg
印度,Energetica India – Wind Power,竞对资讯,Rezolv Energy Energises 192 MW Wind Project in Romania,罗马尼亚Rezolv能源能源能源192兆瓦风能项目,2026-10-05,https://www.energetica-india.net/news/rezolv-energy-energises-192-mw-wind-project-in-romania
印度,Energetica India – Wind Power,竞对资讯,Alfanar to Sell 507.9 MW Gujarat Wind Portfolio to KPI Green,Alfanar向KPI Green出售507.9兆瓦古吉拉特风能组合,2026-10-05,https://www.energetica-india.net/news/alfanar-to-sell-5079-mw-gujarat-wind-portfolio-to-kpi-green
全球,Renewables Now,竞对资讯 / 招标采购,Vestas reports 119 MW of Asia Pacific wind turbine orders at Q3-end,Vestas报告119兆瓦亚太风电机组订单Q3端,2026-10-02,https://renewablesnow.com/news/vestas-reports-119-mw-of-asia-pacific-wind-turbine-orders-at-q3-end-1302295/
全球,Renewables Now,竞对资讯,Ocean Breeze to take over Germany’s first offshore wind farm,海洋微风接管德国第一个近海风电场,2026-10-02,https://renewablesnow.com/news/ocean-breeze-to-take-over-germanys-first-offshore-wind-farm-1302294/
全球,Renewables Now,竞对资讯,Origin Energy exits 870-MW wind project in New South Wales,新南威尔士州870-MW风能项目,2026-10-02,https://renewablesnow.com/news/origin-energy-exits-870-mw-wind-project-in-new-south-wales-1302293/
全球,Renewables Now,竞对资讯,"Atmos closes funding for 470-MW wind farm, 400-MW BESS in Australia",Atmos关闭了澳大利亚470兆瓦风电场、400兆瓦BESS的供资,2026-10-02,https://renewablesnow.com/news/atmos-closes-funding-for-470-mw-wind-farm-400-mw-bess-in-australia-1302279/
全球,Renewables Now,竞对资讯,EDP starts repowering work on 18-MW wind farm in Portugal,EDP开始为葡萄牙18MW风力发电,2026-10-02,https://renewablesnow.com/news/edp-starts-repowering-work-on-18-mw-wind-farm-in-portugal-1302278/
全球,Renewables Now,竞对资讯,BayWa r.e. cleared to build 804-MW Aussie wind farm with two-hour BESS,"BayWa r.e.被允许建造804-MW Aussie风电场,两小时BESS",2026-10-02,https://renewablesnow.com/news/baywa-r-e-cleared-to-build-804-mw-aussie-wind-farm-with-two-hour-bess-1302277/
全球,Renewables Now,竞对资讯,Rezolv energises 192-MW initial stage of Romania's Vifor wind farm,Rezolv Energis 192-MW 罗马尼亚维福风电场初始阶段,2026-10-02,https://renewablesnow.com/news/rezolv-energises-192-mw-initial-stage-of-romanias-vifor-wind-farm-1302274/
全球,Recharge,竞对资讯,UN blacklists wind farm developer over alleged ties to human rights violations,联合国黑名单风电场开发商 涉嫌与侵犯人权行为有关联,2026-10-02,https://www.rechargenews.com/legal/un-blacklists-wind-farm-developer-over-alleged-ties-to-human-rights-violations/2-1-2050567
全球,Recharge,竞对资讯 / 审批政策,Greenpeace threatens Crown Estate with lawsuit over 'extortionate' offshore wind lease fees legal 01.10.2026 Updated,"绿色和平组织威胁Crown Estate公司, 要求支付“延期”岸外风能租赁费,",2026-10-02,https://www.rechargenews.com/legal/greenpeace-threatens-crown-estate-with-lawsuit-over-extortionate-offshore-wind-lease-fees/2-1-2052266
全球,Recharge,竞对资讯 / 审批政策,Vestas wind turbine failures plunge pioneering floating project deep into red floating wind 01.10.2026,Vestas风电机组故障使开拓性浮动项目深入到红色浮动风中,2026-10-02,https://www.rechargenews.com/floating-wind/vestas-wind-turbine-failures-plunge-pioneering-floating-project-deep-into-red/2-1-2052009
哈萨克斯坦,QazaqGreen,竞对资讯,Kazakhstan and China agree on 450 MW wind power projects in Akmola region,25.09.2026 哈萨克斯坦和中国商定在阿克莫拉地区实施450兆瓦风力发电项目,2026-10-02,https://qazaqgreen.com/en/news/kazakhstan/3894/
印度,Renewable Watch,竞对资讯,Building Blocks: Key components required for offshore wind turbine development,建筑区块:近海风电机组开发所需的关键部件.,2026-10-01,https://renewablewatch.in/2026/10/01/building-blocks-key-components-required-for-offshore-wind-turbine-development/
全球,Renewables Now,竞对资讯,SeaTwirl plans 20-MW floating vertical-axis wind project in Australia,海旋计划在澳大利亚实施20-MW浮起的垂直轴风项目,2026-10-01,https://renewablesnow.com/news/seatwirl-plans-20-mw-floating-vertical-axis-wind-project-in-australia-1302236/
全球,Renewables Now,竞对资讯 / 招标采购,Vestas announces 536 MW of European wind turbine orders at Q3-end,Vestas在Q3端宣布了536兆瓦的欧洲风电机组订单,2026-10-01,https://renewablesnow.com/news/vestas-announces-536-mw-of-european-wind-turbine-orders-at-q3-end-1302218/
全球,Renewables Now,竞对资讯,Boskalis gets cable job on 1st phase of Zeevonk wind farm,Boskalis在Zeevonk风电场第一期获得有线工作,2026-10-01,https://renewablesnow.com/news/boskalis-gets-cable-job-on-1st-phase-of-zeevonk-wind-farm-1302214/
全球,Renewables Now,竞对资讯,Eclipse picked to optimise Valorem battery at French wind farms,Eclipse在法国风力发电场选取了最佳的 VALOREM电池,2026-10-01,https://renewablesnow.com/news/eclipse-picked-to-optimise-valorem-battery-at-french-wind-farms-1302211/
全球,Renewables Now,竞对资讯,Nordex to supply 56 MW of turbines for Austrian repowering project,Nordex为奥地利再发电项目提供56兆瓦风机,2026-10-01,https://renewablesnow.com/news/nordex-to-supply-56-mw-of-turbines-for-austrian-repowering-project-1302201/
全球,Renewables Now,竞对资讯,Vestas scores 960 MW of wind turbine deals in Australia,Vestas在澳大利亚打出960兆瓦的风轮机交易,2026-10-01,https://renewablesnow.com/news/vestas-scores-960-mw-of-wind-turbine-deals-in-australia-1302189/
全球,Recharge,电网建设,UK plans new grid company to foster investment in key offshore wind bottleneck,"联合王国计划建立新的电网公司,以促进对关键的岸外风瓶颈的投资",2026-10-01,https://www.rechargenews.com/grid/uk-plans-new-grid-company-to-foster-investment-in-key-offshore-wind-bottleneck/2-1-2050704
印度,Renewable Watch,审批政策,Pacifico Energy secures license for 1.3 GW offshore wind project in Vietnam,越南1.3GW近海风能项目能源安全许可证,2026-09-30,https://renewablewatch.in/2026/09/30/pacifico-energy-secures-license-for-1-3-gw-offshore-wind-project-in-vietnam/
印度,Energetica India – Wind Power,竞对资讯,Renewable energy > Wind Power - News | Energetica India Magazine,可再生能源 > 风能 -- -- 新闻 -- -- 印度能源杂志,2026-09-30,https://www.energetica-india.net/news/renewable-energy/wind-power?page=173
印度,Energetica India – Wind Power,竞对资讯,Juniper Green Energy Commissions 35 MW Wind Project in Gujarat,古吉拉特35兆瓦风能项目,2026-09-30,https://www.energetica-india.net/news/juniper-green-energy-commissions-35-mw-wind-project-in-gujarat
全球,Recharge,竞对资讯,Germany's wind lobby bypasses energy ministry in renewables reform fight,德国的风厅绕过了能源部 在可再生能源改革斗争中,2026-09-30,https://www.rechargenews.com/policy/germanys-wind-lobby-bypasses-energy-ministry-in-renewables-reform-fight/2-1-2048901
全球,Recharge,竞对资讯 / 招标采购,UK wind and solar auction results delayed until next year,英国风和太阳拍卖结果推迟到明年,2026-09-30,https://www.rechargenews.com/auctions/uk-wind-and-solar-auction-results-delayed-until-next-year/2-1-2049657
哈萨克斯坦,QazaqGreen,竞对资讯,Vestas unveils new 7.2 MW wind turbine,Vestas为新的7.2兆瓦风电机组揭幕,2026-09-30,https://qazaqgreen.com/en/news/world/3876/
中东、南亚、北非,WindInsider,竞对资讯,Innovative Wind Tunnel Method Boosts Wind Turbine Performance,创新风道方法助推风道性能,2026-09-29,https://windinsider.com/2026/09/29/pressurized-wind-tunnel-tests-reveal-new-ways-to-boost-wind-turbine-power-output/
全球,Renewables Now,竞对资讯,Subsea Micropiles invests GBP 5m in Scottish floating wind supply chain,在苏格兰浮动风供应链投资5m英镑,2026-09-29,https://renewablesnow.com/news/subsea-micropiles-invests-gbp-5m-in-scottish-floating-wind-supply-chain-1302047/
全球,Renewables Now,竞对资讯,Germany's PNE offloads 153-MW wind project in Poland,德国PNE卸载153-MW波兰风力项目,2026-09-29,https://renewablesnow.com/news/germanys-pne-offloads-153-mw-wind-project-in-poland-1302046/
全球,Renewables Now,竞对资讯,"EGCO closes buy of 49% stake in 339-MW US solar, wind portfolio","EGCO关闭了339-MW美国太阳能,风能组合的49%股权",2026-09-29,https://renewablesnow.com/news/egco-closes-buy-of-49-percent-stake-in-339-mw-us-solar-wind-portfolio-1302029/
全球,Renewables Now,竞对资讯,Navaris orders Nordex turbines for 42-MW wind project in Germany,纳瓦里斯为德国的42兆瓦风力项目订购Nordex风机,2026-09-29,https://renewablesnow.com/news/navaris-orders-nordex-turbines-for-42-mw-wind-project-in-germany-1302020/
全球,Renewables Now,竞对资讯,"France’s JP Energie announces 202 MW of wind, solar acquisitions","法国JP能源宣布202兆瓦的风能,太阳能收购",2026-09-29,https://renewablesnow.com/news/frances-jp-energie-announces-202-mw-of-wind-solar-acquisitions-1302016/
印度,Renewable Watch,竞对资讯,ERG and Glencore sign 164 GWh wind PPA in Poland,ERG和Glencore标志 波兰164GWh风PPA,2026-09-28,https://renewablewatch.in/2026/09/28/erg-and-glencore-sign-164-gwh-wind-ppa-in-poland/
印度,Renewable Watch,竞对资讯 / 招标采购,Purvah Green and Prism Johnson partner on 49.5 MW captive wind project,Purvah Green和Prism Johnson是49.5兆瓦俘虏风力项目的合伙人,2026-09-28,https://renewablewatch.in/2026/09/28/purvah-green-and-prism-johnson-sign-captive-agreement-for-49-5-mw-wind-project/
印度,Renewable Watch,竞对资讯,Predictive Approach: Strategies to prevent equipment failures during high wind periods,预测方法:防止高风期设备故障的战略,2026-09-28,https://renewablewatch.in/2026/09/28/predictive-approach-strategies-to-prevent-equipment-failures-during-high-wind-periods/
全球,Renewables Now,竞对资讯,AIP Management buys two Swedish wind farms totalling 312 MW,"AIP管理公司购买了两个瑞典风电场,总价值为312兆瓦",2026-09-28,https://renewablesnow.com/news/aip-management-buys-two-swedish-wind-farms-totalling-312-mw-1302001/
全球,Renewables Now,竞对资讯,CGN commissions 2-GW China offshore wind farm featuring 18-MW turbines,CGN 委员会 2-GW 由18兆瓦风机组成的中国近海风电场,2026-09-28,https://renewablesnow.com/news/cgn-commissions-2-gw-china-offshore-wind-farm-featuring-18-mw-turbines-1301993/
全球,Renewables Now,竞对资讯,CS Energy seeks equity partner for 285-MW wind project in Australia,CS Energy寻求澳大利亚285-MW风能项目的股权合伙人,2026-09-28,https://renewablesnow.com/news/cs-energy-seeks-equity-partner-for-285-mw-wind-project-in-australia-1301960/
全球,Renewables Now,招标采购,Germany kicks off 2.5-GW onshore wind tender,德国启动2.5-GW上岸风能招标,2026-09-28,https://renewablesnow.com/news/germany-kicks-off-2-5-gw-onshore-wind-tender-1301950/
全球,Renewables Now,竞对资讯,Turkey’s Entek orders Goldwind turbines for 54.9-MW wind project,土耳其Entek为54.9-MW风力项目订购了金风风机,2026-09-28,https://renewablesnow.com/news/turkeys-entek-orders-goldwind-turbines-for-54-9-mw-wind-project-1301947/
全球,Renewables Now,竞对资讯,Blueleaf snaps up 40-MW wind farm in India’s Karnataka,蓝叶在印度卡纳塔克的40兆瓦风电场,2026-09-28,https://renewablesnow.com/news/blueleaf-snaps-up-40-mw-wind-farm-in-indias-karnataka-1301939/
全球,Recharge,竞对资讯,Why offshore wind's 'deal of the decade' was truly remarkable,"为何海上风电波的""十年之行"" 实在令人瞩目",2026-09-28,https://www.rechargenews.com/in-depth/why-offshore-winds-deal-of-the-decade-was-truly-remarkable/2-1-2048295
全球,Recharge,竞对资讯,China's Envision launches offshore wind turbine into Europe: 'duopolies aren't healthy',"中国的愿景向欧洲发射岸外风力涡轮:""垄断不健康"".",2026-09-28,https://www.rechargenews.com/offshore-wind/chinas-envision-launches-offshore-wind-turbine-into-europe-duopolies-arent-healthy/2-1-2047684
全球,Recharge,竞对资讯 / 招标采购,Siemens Gamesa offshore chief: factory utilisation under pressure from lack of German FIDs,Siemens Gamesa 离岸主任:工厂在缺乏德国食品公司的压力下使用,2026-09-28,https://www.rechargenews.com/offshore-wind/siemens-gamesa-offshore-chief-factory-utilisation-under-pressure-from-lack-of-german-fids/2-1-2047962
全球,Renewables Now,竞对资讯,China's Windey to invest in Fintel's wind projects in Serbia,中国温迪投资芬特尔在塞尔维亚的风力项目,2026-09-25,https://renewablesnow.com/news/chinas-windey-to-invest-in-fintels-wind-projects-in-serbia-1301889/
全球,Renewables Now,竞对资讯,Oyster to build 48-MWp solar-wind park to supply Indian steelmaker,牡蛎建48兆瓦太阳风公园 供应印度钢铁制造,2026-09-25,https://renewablesnow.com/news/oyster-to-build-48-mwp-solar-wind-park-to-supply-indian-steelmaker-1301861/
全球,Renewables Now,电网建设 / 审批政策,Australia grants offshore license to 1.5-GW Marinus Link interconnector,澳大利亚向1.5-GW Marinus Link 连接器发放境外许可证,2026-09-25,https://renewablesnow.com/news/australia-grants-offshore-license-to-1-5-gw-marinus-link-interconnector-1301860/
全球,Renewables Now,竞对资讯,Nexgen drops plans for 160 MW of Philippine wind farm projects,Nexgen为160兆瓦的菲律宾风电场项目制定了降水计划,2026-09-25,https://renewablesnow.com/news/nexgen-drops-plans-for-160-mw-of-philippine-wind-farm-projects-1301858/
全球,Renewables Now,竞对资讯,CIB to lend USD 14.4m for wind-storage project at Canadian gold mine,CIB为加拿大金矿的风库项目贷款1440万美元,2026-09-25,https://renewablesnow.com/news/cib-to-lend-usd-14-4m-for-wind-storage-project-at-canadian-gold-mine-1301856/
全球,Recharge,招标采购,Make wind 'as cheap as possible' if you want to keep basic industry alive,"尽量让风变便宜,如果你想维持基本工业",2026-09-25,https://www.rechargenews.com/corporate-power/make-wind-as-cheap-as-possible-if-you-want-to-keep-basic-industry-alive/2-1-2048654
全球,Recharge,招标采购 / 市场机制,Germany must turn offshore wind awards into investable projects,德国必须把海外风奖变成可投资的项目,2026-09-25,https://www.rechargenews.com/opinion/germany-must-turn-offshore-wind-awards-into-investable-projects/2-1-2046708
全球,Recharge,竞对资讯,What lenders want to see from offshore wind projects: WindEnergy Hamburg panel,贷款人想从岸外风能项目中看到的东西:汉堡风能板,2026-09-25,https://www.rechargenews.com/policy/what-lenders-want-to-see-from-offshore-wind-projects-windenergy-hamburg-panel/2-1-2047778
全球,Recharge,竞对资讯,Chinese wind giant claims lack of competition stifling project bankability,中国风巨声称缺乏抑制竞争的项目可银行性,2026-09-25,https://www.rechargenews.com/offshore-wind/chinese-wind-giant-claims-lack-of-competition-stifling-project-bankability/2-1-2047937
全球,Recharge,竞对资讯,Envision chief claims £1bn factory could change offshore wind conversation with UK,影视首席索赔 1bn 工厂可以改变 岸外风声谈话 英国,2026-09-25,https://www.rechargenews.com/interviews/envision-chief-claims-1bn-factory-could-change-offshore-wind-conversation-with-uk/2-1-2048277
欧盟/欧洲,WindEurope,竞对资讯,Offshore Wind in the Mediterranean: New Study Sets Out Priorities for Growth,地中海近海风:新的研究确定了增长的优先事项,2026-09-24,https://windeurope.org/news/offshore-wind-in-the-mediterranean-new-study-sets-out-priorities-for-growth/
欧盟/欧洲,WindEurope,电网建设,Offshore wind delivers first electricity to Polish grid,岸外风能给波兰电网输送第一电,2026-09-24,https://windeurope.org/news/offshore-wind-delivers-first-electricity-to-polish-grid/
欧盟/欧洲,WindEurope,招标采购 / 市场机制,French and German onshore wind auction results call for more volumes,法国和德国的上岸风能拍卖结果 需要更多卷,2026-09-24,https://windeurope.org/news/french-and-german-onshore-wind-auction-results-call-for-more-volumes/
欧盟/欧洲,WindEurope,招标采购,5 August 2026 Successful Danish offshore wind tender proves that CfDs deliver competitive bids,2026年8月5日 成功的丹麦岸外风能招标证明 CfDs 提供竞争性出价,2026-09-24,https://windeurope.org/news/successful-danish-offshore-wind-tender-proves-that-cfds-deliver-competitive-bids/
土耳其,Anadolu Agency Energy – Wind,招标采购 / 宏观政策,Global interest builds for Türkiye's first offshore wind tender set for 2027,全球利益为Türkiye的2027年首次海上风能招标,2026-09-24,https://www.aa.com.tr/en/energy/wind/global-interest-builds-for-turkiyes-first-offshore-wind-tender-set-for-2027/59803
全球,Renewables Now,竞对资讯,Envision presents 16.7-MW offshore wind turbine for high-wind sites,愿景为高风站提供16.7-MW岸外风电机组,2026-09-24,https://renewablesnow.com/news/envision-presents-16-7-mw-offshore-wind-turbine-for-high-wind-sites-1301829/
全球,Renewables Now,竞对资讯 / 审批政策,Pacifico secures survey licence for 1.3-GW Vietnam offshore wind project,Pacifico为1.3-GW越南近海风能项目取得勘测许可证,2026-09-24,https://renewablesnow.com/news/pacifico-secures-survey-licence-for-1-3-gw-vietnam-offshore-wind-project-1301820/
全球,Renewables Now,审批政策,Polish grid operator gets permit for 400-kV offshore wind export line,波兰电网运营商获得400千伏外风出口线许可证,2026-09-24,https://renewablesnow.com/news/polish-grid-operator-gets-permit-for-400-kv-offshore-wind-export-line-1301802/
全球,Renewables Now,竞对资讯,"Skyborn, InCommodities sign PPA for 111 MW of German offshore wind","Skyborn,德国111兆瓦岸外风能的商品标志PPA",2026-09-24,https://renewablesnow.com/news/skyborn-incommodities-sign-ppa-for-111-mw-of-german-offshore-wind-1301784/
全球,Renewables Now,竞对资讯,European Energy commissions 27-MW wind farm in Greece,希腊27兆瓦风力发电场,2026-09-24,https://renewablesnow.com/news/european-energy-commissions-27-mw-wind-farm-in-greece-1301764/
全球,Recharge,竞对资讯,Why Nordex and Enercon still shun offshore – despite Vestas-Siemens Gamesa duopoly,为什么诺德克斯和埃纳康仍然在海上避让 — — 尽管维斯塔斯-西门斯游戏双垄断,2026-09-24,https://www.rechargenews.com/interviews/why-nordex-and-enercon-still-shun-offshore-despite-vestas-siemens-gamesa-duopoly/2-1-2044865
全球,Recharge,竞对资讯,"New RWE offshore CEO: wind turbines should be optimised, not supersized","新RWE岸上CEO:风电机组应该优化,而不是超大",2026-09-24,https://www.rechargenews.com/interviews/new-rwe-offshore-ceo-wind-turbines-should-be-optimised-not-supersized/2-1-2047531
全球,Recharge,竞对资讯 / 招标采购,Orsted CEO: 'Germany should retender 16GW of unwanted offshore wind projects blocking pipeline',"Orsted CEO:""德国应该重新招标 16GW不想要的岸外风能项目 阻断管道""",2026-09-24,https://www.rechargenews.com/policy/orsted-ceo-germany-should-retender-16gw-of-unwanted-offshore-wind-projects-blocking-pipeline/2-1-2047180
中东、南亚、北非,WindInsider,竞对资讯,NTPC Boosts Renewable Energy with 56.7 MW Wind Power in Gujarat,"NTPC 在古吉拉特邦增加了56.7兆瓦风力发电,集体发电能力达到91 221兆瓦",2026-09-23,https://windinsider.com/2026/09/23/ntpc-adds-56-7-mw-wind-capacity-in-gujarat-group-capacity-reaches-91221-mw/
印度,Renewable Watch,竞对资讯 / 招标采购,Germany awards 2.5 GW onshore wind projects,德国授予2.5GW岸风项目,2026-09-23,https://renewablewatch.in/2026/09/23/germany-awards-2-5-gw-onshore-wind-projects/
全球,Renewables Now,竞对资讯,"Capstone, First Nation partner rename 142.8-MW Canadian wind project","Capstone, 原住民伙伴重命名为 142.8-MW 加拿大风力项目",2026-09-23,https://renewablesnow.com/news/capstone-first-nation-partner-rename-142-8-mw-canadian-wind-project-1301738/
全球,Renewables Now,竞对资讯,Envision to supply turbines for 131-MW N Macedonia wind project,设想为131-MW N马其顿风力项目提供风机,2026-09-23,https://renewablesnow.com/news/envision-to-supply-turbines-for-131-mw-n-macedonia-wind-project-1301697/
全球,Renewables Now,竞对资讯,Nala Renewables brings live 99-MW OX2-developed wind farm in Romania,Nala可再生能源公司为罗马尼亚的99-MW OX2型先进风力发电场带来了实况,2026-09-23,https://renewablesnow.com/news/nala-renewables-brings-live-99-mw-ox2-developed-wind-farm-in-romania-1301692/
全球,Renewables Now,竞对资讯,"Vestas lands 29-MW order for new turbine, OX2 picks EnVentus for 200 MW","Vestas为新风机订购了29兆瓦,OX2为200兆瓦选用EnVentus",2026-09-23,https://renewablesnow.com/news/vestas-lands-29-mw-order-for-new-turbine-ox2-picks-enventus-for-200-mw-1301679/
全球,Renewables Now,竞对资讯,Goldwind hardware picked for 408-MW wind farm in Queensland,昆士兰州408兆瓦风电场的金风硬件,2026-09-23,https://renewablesnow.com/news/goldwind-hardware-picked-for-408-mw-wind-farm-in-queensland-1301669/
全球,Recharge,竞对资讯,Vestas lands first order for new onshore wind turbine,维斯塔斯首先订购了新的岸上风电机组,2026-09-23,https://www.rechargenews.com/suppliers/vestas-lands-first-order-for-new-onshore-wind-turbine/2-1-2047505
全球,Recharge,招标采购 / 市场机制,Germany 'could save over $5bn' on offshore wind with policy tweak,"德国""可以节省超过5bn""的岸外风 政策调整",2026-09-23,https://www.rechargenews.com/policy/germany-could-save-over-5bn-on-offshore-wind-with-policy-tweak/2-1-2046599
全球,Recharge,竞对资讯,Enercon moves deeper into wind finance as project returns tighten,"随着项目回报的收紧,Enercon更深入地进入风力融资",2026-09-23,https://www.rechargenews.com/finance/enercon-moves-deeper-into-wind-finance-as-project-returns-tighten/2-1-2046595
中东、南亚、北非,WindInsider,竞对资讯 / 招标采购 / 电网建设 / 审批政策,Bid Invitation for 600 MW Wind Power Project in Kurnool,库尔诺勒600兆瓦风能发电项目招标书,2026-09-22,https://windinsider.com/2026/09/22/ntpc-rel-floats-tender-for-600-mw-wind-project-in-andhra-pradesh/
印度,Renewable Watch,竞对资讯 / 招标采购 / 电网建设,NTPC REL floats 600 MW wind turbine supply tender in Andhra Pradesh,NTPC REL在安得拉邦浮动600兆瓦风电机组供应招标,2026-09-22,https://renewablewatch.in/2026/09/22/ntpc-rel-floats-600-mw-wind-turbine-supply-tender-in-andhra-pradesh/
全球,Renewables Now,竞对资讯,Exus cuts ribbon at 136.6 MW of repowered wind farms in Pennsylvania,在宾夕法尼亚州136.6兆瓦重力风力发电场切丝带,2026-09-22,https://renewablesnow.com/news/exus-cuts-ribbon-at-136-6-mw-of-repowered-wind-farms-in-pennsylvania-1301663/
全球,Renewables Now,竞对资讯,ZF Wind Power presents modular powertrain for wind turbines,ZF风能提供用于风电机组的模块化动力列车,2026-09-22,https://renewablesnow.com/news/zf-wind-power-presents-modular-powertrain-for-wind-turbines-1301655/
全球,Renewables Now,招标采购,Navaris bags 304.5 MW in latest German onshore wind tender,纳瓦里斯袋304.5兆瓦最新德国岸上风能,2026-09-22,https://renewablesnow.com/news/navaris-bags-304-5-mw-in-latest-german-onshore-wind-tender-1301634/
全球,Renewables Now,竞对资讯,Vestas debuts larger-rotor 7.2-MW wind turbine,Vestas 第7.2-MW型大型旋转风电机组,2026-09-22,https://renewablesnow.com/news/vestas-debuts-larger-rotor-7-2-mw-wind-turbine-1301620/
全球,Renewables Now,竞对资讯,Nordex unveils 7.3-MW turbine for low to medium-wind sites,Nordex为中低风站点揭幕7.3-MW风机,2026-09-22,https://renewablesnow.com/news/nordex-unveils-7-3-mw-turbine-for-low-to-medium-wind-sites-1301614/
全球,Renewables Now,竞对资讯,Clearvise unveils short-term PPAs for German wind farm portfolio,Clearvise为德国风电场投资组合揭幕短期PPA,2026-09-22,https://renewablesnow.com/news/clearvise-unveils-short-term-ppas-for-german-wind-farm-portfolio-1301608/
全球,Recharge,竞对资讯,Enercon CEO: Merging with rival to form 'Airbus of wind' is not an option,"Enercon CEO:与对手合并形成""风之空中""不是一个选项",2026-09-22,https://www.rechargenews.com/interviews/enercon-ceo-merging-with-rival-to-form-airbus-of-wind-is-not-an-option/2-1-2046774
全球,Recharge,竞对资讯,Nordex launches new turbine model in 7MW class,Nordex在7MW级发射新的风机型号,2026-09-22,https://www.rechargenews.com/technology/nordex-launches-new-turbine-model-in-7mw-class/2-1-2046888
全球,Recharge,竞对资讯,US offshore wind project battered by Trump attacks installs final turbine,美国被特朗普袭击的岸外风力项目安装了最终风机,2026-09-22,https://www.rechargenews.com/offshore-wind/us-offshore-wind-project-battered-by-trump-attacks-installs-final-turbine/2-1-2045408
全球,Recharge,宏观政策,Six takeaways from South Africa offshore wind roadmap report – as first potential project delayed,"6起南非岸外风速图报告,",2026-09-22,https://www.rechargenews.com/offshore-wind/six-takeaways-from-south-africa-offshore-wind-roadmap-report-as-first-potential-project-delayed/2-1-2045950
中东、南亚、北非,WindInsider,竞对资讯,ACWA Power Launches 1.5 GW Wind Project in Uzbekistan,ACWA 电力预付款2.6亿美元 1.5 GW Kungrad Wind 工程在乌兹别克斯坦,2026-09-21,https://windinsider.com/2026/09/21/acwa-power-advances-2-6-billion-1-5-gw-kungrad-wind-project-in-uzbekistan/
印度,Renewable Watch,竞对资讯,RWE and Oracle sign 433 MW wind VPPA in Texas,RWE和甲骨文在德克萨斯州标有433兆瓦风力VPPA,2026-09-21,https://renewablewatch.in/2026/09/21/rwe-and-oracle-sign-433-mw-wind-vppa-in-texas/
全球,Renewables Now,竞对资讯,Indexing may cut German offshore project costs by EUR 4.4bn by 2030,"到2030年,指数化可能使德国境外项目费用减少4.4欧元",2026-09-21,https://renewablesnow.com/news/indexing-may-cut-german-offshore-project-costs-by-eur-4-4bn-by-2030-1301584/
全球,Renewables Now,竞对资讯,Gazelle tests floating platform for 18-MW-plus turbines,Gazelle测试18兆瓦+风机的浮动平台,2026-09-21,https://renewablesnow.com/news/gazelle-tests-floating-platform-for-18-mw-plus-turbines-1301579/
全球,Renewables Now,电网建设,Victoria sets route for transmission line to link first offshore wind,维多利亚为输电线路设置路线 连接第一岸风,2026-09-21,https://renewablesnow.com/news/victoria-sets-route-for-transmission-line-to-link-first-offshore-wind-1301575/
全球,Renewables Now,竞对资讯,ACWA Power starts work on 1.5-GW Uzbekistan wind project,ACWA 电力启动1.5-GW乌兹别克斯坦风力项目,2026-09-21,https://renewablesnow.com/news/acwa-power-starts-work-on-1-5-gw-uzbekistan-wind-project-1301549/
全球,Recharge,竞对资讯,Inside CIP's battery blueprint and how it differs from wind,在CIP的电池蓝图里 以及它与风的不同之处,2026-09-21,https://www.rechargenews.com/interviews/inside-cips-battery-blueprint-and-how-it-differs-from-wind/2-1-2039629
全球,Recharge,竞对资讯 / 招标采购 / 宏观政策,Orsted chief: Germany should cut offshore wind target and get rest from abroad,"骨灰头:德国应该切断岸外风力目标,从国外得到休息",2026-09-21,https://www.rechargenews.com/interviews/orsted-chief-germany-should-cut-offshore-wind-target-and-get-rest-from-abroad/2-1-2043610
全球,Recharge,竞对资讯,Vestas unveils largest onshore wind turbine,Vestas在岸上最大的风电机组上揭幕,2026-09-21,https://www.rechargenews.com/technology/vestas-unveils-largest-onshore-wind-turbine/2-1-2046135
全球,Recharge,招标采购,Latest German onshore wind tender sees price fall below €50/MWh,德国最新上岸风能标价跌至50欧元/兆瓦以下,2026-09-21,https://www.rechargenews.com/auctions/latest-german-onshore-wind-tender-sees-price-fall-below-50-mwh/2-1-2045045
印度,Energetica India – Wind Power,竞对资讯 / 招标采购,Refex Green Power Receives LoA from SJVN for 80 MW Wind Project in Andhra Pradesh,Refex Green Power 接收来自 SJVN 用于安得拉邦80兆瓦风能项目的 LoA,2026-09-21,https://www.energetica-india.net/news/refex-green-power-receives-loa-from-sjvn-for-80-mw-wind-project-in-andhra-pradesh
全球,Recharge,竞对资讯,Iberdrola and GE Vernova settle major offshore wind dispute,Iberdrola和GE Vernova解决了重大的岸外风能纠纷,2026-09-21,https://www.rechargenews.com/legal/iberdrola-and-ge-vernova-settle-major-offshore-wind-dispute/2-1-2044644
全球,Recharge,竞对资讯 / 审批政策,Two major UK offshore wind sites win key planning consent,英国两大岸外风景区获得关键规划同意,2026-09-21,https://www.rechargenews.com/offshore-wind/two-major-uk-offshore-wind-sites-win-key-planning-consent/2-1-2043419
全球,Recharge,竞对资讯,"Report: Five ways to unlock £500bn for wind, solar and other UK clean power infrastructure",报告:为风能、太阳能和其他英国清洁电力基础设施融资提供500英镑的五种方式,2026-09-21,https://www.rechargenews.com/finance/report-five-ways-to-unlock-500bn-for-wind-solar-and-other-uk-clean-power-infrastructure/2-1-2043804
全球,Renewables Now,竞对资讯 / 招标采购,RWE wins contracts for 119 MW of wind projects in German tender,RWE在德国招标中赢得了119兆瓦风力项目的合同,2026-09-18,https://renewablesnow.com/news/rwe-wins-contracts-for-119-mw-of-wind-projects-in-german-tender-1301509/
全球,Renewables Now,竞对资讯 / 电网建设,XOCEAN to survey planned cable route for Bellrock floating wind project,XOCEAN调查为Bellrock浮动风力项目规划的有线线路,2026-09-18,https://renewablesnow.com/news/xocean-to-survey-planned-cable-route-for-bellrock-floating-wind-project-1301508/
全球,Renewables Now,电网建设,Topsides of Baltica 2 offshore substations depart Vietnam for Poland,波罗的海顶部 2个近海分站从越南去波兰,2026-09-18,https://renewablesnow.com/news/topsides-of-baltica-2-offshore-substations-depart-vietnam-for-poland-1301485/
全球,Renewables Now,招标采购,Germany picks 2.5 GW of onshore wind in oversubscribed tender,德国选取2.5千兆瓦的岸上风能,2026-09-18,https://renewablesnow.com/news/germany-picks-2-5-gw-of-onshore-wind-in-oversubscribed-tender-1301484/
全球,Renewables Now,竞对资讯,Potentia sells 210-MW Saskatchewan wind farm to Concord Pacific,Potentia将210-MW萨斯喀彻温风电场出售给太平洋协和会,2026-09-18,https://renewablesnow.com/news/potentia-sells-210-mw-saskatchewan-wind-farm-to-concord-pacific-1301481/
全球,Renewables Now,竞对资讯,EnBW inaugurates 960-MW He Dreiht offshore wind farm,EnBW成立 960-MW He Dreiht 近海风电场,2026-09-18,https://renewablesnow.com/news/enbw-inaugurates-960-mw-he-dreiht-offshore-wind-farm-1301473/
全球,Renewables Now,竞对资讯 / 招标采购,Oracle to procure 433 MW of wind energy from RWE,甲骨文公司从RWE采购了433兆瓦风能,2026-09-18,https://renewablesnow.com/news/oracle-to-procure-433-mw-of-wind-energy-from-rwe-1301458/
全球,Recharge,审批政策,Why a win for Sweden's left-wing coalition would not unblock wind overnight,为什么瑞典左翼联盟的胜利 不会在一夜之间解冻起风,2026-09-18,https://www.rechargenews.com/policy/why-a-win-for-swedens-left-wing-coalition-would-not-unblock-wind-overnight/2-1-2043186
中东、南亚、北非,WindInsider,竞对资讯 / 招标采购,Nordex Group Secures 91 MW Wind Turbine Order in Germany,德国Nordex集团安全91兆瓦风电机组,2026-09-17,https://windinsider.com/2026/09/17/nordex-group-secures-91-mw-wind-turbine-order-for-brandenburg-project/
印度,Renewable Watch,竞对资讯 / 招标采购 / 电网建设,NTPC REL floats tender for 215 MW wind project in Madhya Pradesh,NTPC REL 为中央邦的215兆瓦风能项目提供浮标,2026-09-17,https://renewablewatch.in/2026/09/17/ntpc-rel-floats-tender-for-215-mw-wind-project-in-madhya-pradesh/
印度,Renewable Watch,审批政策,Key Manufacturing Statistics: Details of the Approved List of Models and Manufacturers-Wind,主要制造统计:核准模型和制造商清单的细节,2026-09-17,https://renewablewatch.in/2026/09/17/key-manufacturing-statistics-details-of-the-approved-list-of-models-and-manufacturers-wind/
全球,Renewables Now,竞对资讯,Engie to supply 568 MW of wind power for Oracle's Texas operations,为Oracle的德克萨斯州业务提供568兆瓦风能,2026-09-17,https://renewablesnow.com/news/engie-to-supply-568-mw-of-wind-power-for-oracles-texas-operations-1301438/
全球,Renewables Now,竞对资讯,Ventoplani founded to develop kite-like wind energy devices,为开发类似风筝的风能装置而建立的 Ventoplani,2026-09-17,https://renewablesnow.com/news/ventoplani-founded-to-develop-kite-like-wind-energy-devices-1301419/
全球,Renewables Now,竞对资讯 / 市场机制,Poland's 45 MW Taczalin wind farm to qualify for grid balancing services,波兰45兆瓦的Taczalin风力发电场有资格获得电网平衡服务,2026-09-17,https://renewablesnow.com/news/polands-45-mw-taczalin-wind-farm-to-qualify-for-grid-balancing-services-1301395/
全球,Renewables Now,竞对资讯,"Vineyard Wind, GE Vernova reach settlement, terms confidential","葡萄园风,GE Vernova达成和解,术语保密",2026-09-17,https://renewablesnow.com/news/vineyard-wind-ge-vernova-reach-settlement-terms-confidential-1301393/
全球,Renewables Now,竞对资讯,Centrica wins BESS optimisation deal for Danish wind-storage site,Centrica赢得了丹麦风库的BESS优化交易,2026-09-17,https://renewablesnow.com/news/centrica-wins-bess-optimisation-deal-for-danish-wind-storage-site-1301367/
全球,Recharge,招标采购,"'A lot of blah, blah – but where is the pipeline?', offshore wind industry asks","""很多东西,等等,但是管道在哪里?"", 近海风产业问",2026-09-17,https://www.rechargenews.com/offshore-wind/a-lot-of-blah-blah-but-where-is-the-pipeline-offshore-wind-industry-asks/2-1-2041868
中东、南亚、北非,WindInsider,竞对资讯 / 电网建设,Sturdee Energy Expands with 200 MW Masaiti Wind Project in Zambia,"Sturdee 能源扩展,赞比亚200兆瓦Masaiti风力项目",2026-09-16,https://windinsider.com/2026/09/16/sturdee-energy-acquires-200-mw-masaiti-wind-project-in-zambia/
中东、南亚、北非,WindInsider,竞对资讯 / 招标采购 / 电网建设,NTPC Invites Bids for 215 MW Wind Power Project in Madhya Pradesh,NTPC 邀请中央邦215兆瓦风能项目的投标,2026-09-16,https://windinsider.com/2026/09/16/ntpc-renewable-energy-invites-bids-for-215-mw-wind-power-project-in-madhya-pradesh/
印度,Renewable Watch,审批政策,CQP receives approval for 360 MW Australian wind project,CQP获得360兆瓦澳大利亚风力项目的核准,2026-09-16,https://renewablewatch.in/2026/09/16/cqp-receives-approval-for-360-mw-australian-wind-project/
中东、南亚、北非,WindInsider,竞对资讯 / 招标采购,CERC Directs NLDC To Issue Pending RECs For 100 MW Wind Projects,CERC 指示民发中心为100兆瓦风能项目发放待发REC,2026-09-16,https://windinsider.com/2026/09/16/cerc-directs-nldc-to-issue-pending-recs-for-100-mw-wind-projects/
全球,Renewables Now,竞对资讯,Muirhall Energy files application for 93.6-MW Scottish wind farm,Muirhall Energy 申请93.6-MW 苏格兰风电场,2026-09-16,https://renewablesnow.com/news/muirhall-energy-files-application-for-93-6-mw-scottish-wind-farm-1301356/
全球,Renewables Now,竞对资讯,First part of Iceland’s debut wind farm starts operation,冰岛首个风电场开始运营,2026-09-16,https://renewablesnow.com/news/first-part-of-icelands-debut-wind-farm-starts-operation-1301343/
全球,Renewables Now,竞对资讯,Nordex wins order for 91 MW of turbines in Germany,德国Nordex公司91兆瓦风机的订单,2026-09-16,https://renewablesnow.com/news/nordex-wins-order-for-91-mw-of-turbines-in-germany-1301294/
全球,Recharge,竞对资讯 / 招标采购 / 审批政策,Major Baltic offshore wind project reaches financial close offshore wind 11.09.2026,波罗的海近海主要风能项目达到金融接近近海风能 11.09.2026,2026-09-16,https://www.rechargenews.com/offshore-wind/major-baltic-offshore-wind-project-reaches-financial-close/2-1-2042357
全球,Recharge,竞对资讯 / 招标采购 / 审批政策,Masdar enters €8bn in German offshore wind and battery investment pacts offshore wind 11.09.2026,马斯达尔以德国近海风能和电池投资协议入股8bn欧元 境外风能11.09.2026,2026-09-16,https://www.rechargenews.com/offshore-wind/masdar-strikes-8bn-in-german-offshore-wind-and-battery-investment-pacts/2-1-2042689
中东、南亚、北非,WindInsider,竞对资讯,New Čibuk 2 Wind Farm: Serbia's Clean Energy Milestone,新奇布克2风电场:塞尔维亚清洁能源里程碑,2026-09-15,https://windinsider.com/2026/09/15/masdar-and-taaleri-energia-inaugurate-154-mw-cibuk-2-wind-farm-in-serbia/
中东、南亚、北非,WindInsider,竞对资讯,NTPC Green Energy Expands Wind Capacity with New Project,NTPC 绿色能源通过新项目扩大风能,2026-09-15,https://windinsider.com/2026/09/15/ntpc-green-energy-commissions-6-3-mw-second-part-capacity-of-vanki-wind-project-in-gujarat/
印度,Energetica India – Wind Power,竞对资讯 / 市场机制,Inox Wind Secures INR 755 Crore Turnkey Order for 100 MW Wind Project from Indian Oil,印地安石油100兆瓦风能项目的Inox Wind Secures INR 755 Crore Twitchey订单,2026-09-15,https://www.energetica-india.net/news/inox-wind-secures-inr-755-crore-turnkey-order-for-100-mw-wind-project-from-indian-oil
印度,Energetica India – Wind Power,竞对资讯 / 市场机制,Windergy India 2026 to Bring Global Wind Industry Together in Chennai,2026年印度风能将全球风能产业带入金奈,2026-09-15,https://www.energetica-india.net/news/windergy-india-2026-to-bring-global-wind-industry-together-in-chennai
全球,Renewables Now,竞对资讯 / 招标采购,GE Vernova nabs 29-MW wind turbine order in Japan from Eurus Energy,日本的GE Vernova Nabs 29-MW风电机组订单,2026-09-15,https://renewablesnow.com/news/ge-vernova-nabs-29-mw-wind-turbine-order-in-japan-from-eurus-energy-1301264/
全球,Renewables Now,竞对资讯,Econergy buys 740-MW onshore wind platform to enter France,生态能源公司购买740兆瓦的岸风平台进入法国,2026-09-15,https://renewablesnow.com/news/econergy-buys-740-mw-onshore-wind-platform-to-enter-france-1301257/
全球,Renewables Now,竞对资讯,EDF installs all turbines at 102-MW wind farm site in Scotland,EDF在苏格兰102兆瓦风力场安装所有风机,2026-09-15,https://renewablesnow.com/news/edf-installs-all-turbines-at-102-mw-wind-farm-site-in-scotland-1301238/
全球,Renewables Now,竞对资讯,"Masdar, Taaleri Energia commission 154-MW of wind in Serbia","Masdar, Taaleri Energia 塞尔维亚154兆瓦风力发电委员会",2026-09-15,https://renewablesnow.com/news/masdar-taaleri-energia-commission-154-mw-of-wind-in-serbia-1301207/
全球,Renewables Now,竞对资讯,CQP wins federal green nod for 360-MW wind farm in Queensland,CQP在昆士兰州360MW风电场赢得联邦绿点,2026-09-15,https://renewablesnow.com/news/cqp-wins-federal-green-nod-for-360-mw-wind-farm-in-queensland-1301205/
全球,Renewables Now,竞对资讯,Israel’s Airenergy buying Polish wind farm in IPP focus shift,以色列航空能源在IPP购买波兰风电场,2026-09-15,https://renewablesnow.com/news/israels-airenergy-buying-polish-wind-farm-in-ipp-focus-shift-1301204/
全球,Renewables Now,竞对资讯 / 电网建设,UK clears transmission assets plan for 2 GW of offshore wind farms,联合王国清理了2个海上风力发电场的输电资产计划,2026-09-15,https://renewablesnow.com/news/uk-clears-transmission-assets-plan-for-2-gw-of-offshore-wind-farms-1301201/
全球,Recharge,竞对资讯 / 审批政策,What India's energy storage mandate means for wind and solar analysis 10.09.2026,印度的能源储存任务对风能和太阳能分析的意义,2026-09-15,https://www.rechargenews.com/analysis/what-indias-energy-storage-mandate-means-for-wind-and-solar/2-1-2040625
全球,Recharge,竞对资讯 / 审批政策,Vestas claims 'world record' wind turbine installation onshore wind 10.09.2026,"维斯塔斯声称在岸上安装""世界纪录""风电机组",2026-09-15,https://www.rechargenews.com/onshore-wind/vestas-claims-world-record-wind-turbine-installation/2-1-2042011
哈萨克斯坦,QazaqGreen,竞对资讯,Masdar plans to commission a 1 GW wind farm in Kazakhstan in 2029,2026年9月9日 马斯达尔计划于2029年在哈萨克斯坦委托一个GW风电场,2026-09-15,https://qazaqgreen.com/en/news/kazakhstan/3844/
哈萨克斯坦,QazaqGreen,竞对资讯,09.09.2026 Taiwan’s Formosa 6 offshore wind farm secures corporate power deal,台湾Formosa 6号岸外风电场 保证公司电力交易,2026-09-15,https://qazaqgreen.com/en/news/world/3846/
全球,Recharge,竞对资讯 / 市场机制 / 审批政策,"Power market solving the wrong problem for wind era, argues energy entrepreneur power markets 10.09.2026","电力市场解决了风时代的错误问题,",2026-09-15,https://www.rechargenews.com/power-markets/power-market-solving-the-wrong-problem-for-wind-era-argues-energy-entrepreneur/2-1-2041227
全球,Recharge,竞对资讯 / 审批政策,A moment that changed Vestas and more from a decade in wind interviews 11.09.2026,风情访谈中改变Vestas 和更多时间的时刻 11.09. 2026,2026-09-15,https://www.rechargenews.com/interviews/a-moment-that-changed-vestas-and-more-from-a-decade-in-wind/2-1-2042009
全球,Recharge,竞对资讯 / 审批政策,Orsted claims victory in $1bn row over offshore wind 'double tax' legal 11.09.2026,"Orsted以一美元一行的优势 战胜了岸外风力的""双重税"" 法律 11.09. 2026",2026-09-15,https://www.rechargenews.com/legal/orsted-claims-victory-in-1bn-row-over-offshore-wind-double-tax/2-1-2042296
全球,Recharge,竞对资讯 / 审批政策,"Perigus, Synera and Clearway Energy top this week's wind industry moves people 11.09.2026","Perigus, Synera and Clearway Energy 本周的风能业最强 动人11.09.2026",2026-09-15,https://www.rechargenews.com/people/perigus-synera-and-clearway-energy-top-this-weeks-wind-industry-moves/2-1-2042475
印度,Renewable Watch,竞对资讯,Skyborn reaches financial close on 976.5 MW Gennaker offshore wind farm,Skyborn在976.5兆瓦热纳克岸外风能场达到财务收尾,2026-09-14,https://renewablewatch.in/2026/09/14/skyborn-reaches-financial-close-on-976-5-mw-gennaker-offshore-wind-farm/
印度,Renewable Watch,竞对资讯 / 招标采购,Enviro Infra Engineers bags Rs 2.24 billion wind contract,Enviro Infra Engineers包 22.4亿卢比风能合同,2026-09-11,https://renewablewatch.in/2026/09/11/enviro-infra-engineers-bags-rs-2-24-billion-wind-contract/
印度,Renewable Watch,竞对资讯,Alcazar Energy achieves financial close for Štip wind farm in North Macedonia,Alcazar Energy为北马其顿的什蒂普风电场实现财政关闭,2026-09-11,https://renewablewatch.in/2026/09/11/alcazar-energy-achieves-financial-close-for-stip-wind-farm-in-north-macedonia/
印度,Renewable Watch,招标采购 / 电网建设,SJVN announces results of 600 MW wind auction,SJVN宣布600兆瓦风力拍卖结果,2026-09-10,https://renewablewatch.in/2026/09/10/sjvn-announces-results-of-600-mw-wind-auction/
印度,Renewable Watch,竞对资讯 / 招标采购,SRE signs CPPA for 800 MW Taiwanese offshore wind project,800兆瓦台湾近海风能项目的SRE标志CPPA,2026-09-10,https://renewablewatch.in/2026/09/10/sre-signs-cppa-for-800-mw-taiwanese-offshore-wind-project/
中东、南亚、北非,WindInsider,竞对资讯 / 招标采购 / 电网建设,SJVN Secures 600 MW Wind Power Contracts in Latest Auction,SJVN 奖励600兆瓦风能 关税开始 INR 3.64/kWh,2026-09-09,https://windinsider.com/2026/09/09/sjvn-awards-600-mw-wind-power-capacity-at-tariffs-starting-inr-3-64-kwh/
印度,Energetica India – Wind Power,竞对资讯 / 招标采购,NLC India Renewables Wins 200 MW at SJVN’s 600 MW Wind Power Auction - Asia Pacific | Energetica India Magazine,"NLC 印度可再生能源公司在SJVN的600兆瓦风能拍卖会上赢得了200兆瓦,",2026-09-09,https://www.energetica-india.net/news/nlc-india-renewables-wins-200-mw-at-sjvns-600-mw-wind-power-auction
印度,Energetica India – Wind Power,竞对资讯 / 招标采购,Enviro Infra Engineers Arm Bags 180 MW Wind Project EPC Contract from Tata Power Renewables - Asia Pacific | Energetica India Magazine,《Tata Power Represents》的EPC项目合同 -- -- 亚太 -- -- 印度能源杂志,2026-09-09,https://www.energetica-india.net/news/enviro-infra-engineers-arm-bags-180-mw-wind-project-epc-contract-from-tata-power-renewables
印度,Renewable Watch,竞对资讯,Suzlon bags 200 MW wind order from Ayana Renewable Power,阿亚纳的200兆瓦风能订单,2026-09-08,https://renewablewatch.in/2026/09/08/suzlon-bags-200-mw-wind-order-from-ayana-renewable-power/
印度,Renewable Watch,电网建设,Infinity Power and Hassan Allam sign 1 GW wind PPA in Egypt,无穷之力和哈桑·阿拉姆在埃及签下1GW风能PPA,2026-09-03,https://renewablewatch.in/2026/09/03/infinity-power-and-hassan-allam-sign-1-gw-wind-ppa-in-egypt/
中东、南亚、北非,WindInsider,竞对资讯 / 招标采购,"Clean Max Signs Term Sheet For 1,550 MW Wind Turbine Procurement From Envision Energy",1 550 MW 从视觉能源采购风力涡轮,2026-09-01,https://windinsider.com/2026/09/01/clean-max-signs-term-sheet-for-1550-mw-wind-turbine-procurement-from-envision-energy/
印度,Renewable Watch,竞对资讯 / 招标采购 / 审批政策,"CleanMax signs term sheet with Envision Energy for 1,550 MW wind projects","CleanMax为1,550兆瓦风能项目用Envision能源标出术语表",2026-08-31,https://renewablewatch.in/2026/08/31/cleanmax-signs-term-sheet-with-envision-energy-for-1550-mw-wind-projects/
印度,Renewable Watch,竞对资讯,TotalEnergies signs PPA for 367 MW UK offshore wind project,367兆瓦联合王国近海风能项目PPA标志,2026-08-27,https://renewablewatch.in/2026/08/27/totalenergies-signs-ppa-for-367-mw-uk-offshore-wind-project/
中东、南亚、北非,WindInsider,竞对资讯 / 招标采购,"Weekly Wind Energy Updates: IWTMA Targets 10 GW, Iberdrola–RES Partner on 15 Wind Farms, Scatec Finances 77 MW Wind, NTPC REL Tenders 600 MW and More…","每周风能最新消息:IWTMA目标10 GW,Iberdrola -RES 合作伙伴在15个风电场,Scatec Finances 77 MW Wind,NTPC ReL 招标600 MW和更多. .",2026-08-25,https://windinsider.com/2026/08/25/weekly-wind-energy-updates-iwtma-targets-10-gw-iberdrola-res-partner-on-15-wind-farms-scatec-finances-77-mw-wind-ntpc-rel-tenders-600-mw-and-more/
印度,Renewable Watch,竞对资讯,Suzlon secures 250 MW wind order from Torrent Group,Suzlon保证了Torrent集团的250兆瓦风力订单,2026-08-25,https://renewablewatch.in/2026/08/25/suzlon-secures-250-mw-wind-order-from-torrent-group/
土耳其,Anadolu Agency Energy – Wind,竞对资讯,"ScottishPower, Masdar complete foundation installation at 1.4GW UK offshore wind project","ScottishPower, Masdar在1.4GW UK近海风能项目完成地基安装",2026-08-20,https://www.aa.com.tr/en/energy/electricity/scottishpower-masdar-complete-foundation-installation-at-14gw-uk-offshore-wind-project/59103
中东、南亚、北非,WindInsider,竞对资讯,Iberdrola Advances Offshore Wind Electrification With Bibby Marine’s 24 MWh Battery-Powered Electric Vessel,与比比海军陆战队的24兆瓦电池功率电船进行近海风电化,2026-08-20,https://windinsider.com/2026/08/20/iberdrola-advances-offshore-wind-electrification-with-bibby-marines-24-mwh-battery-powered-electric-vessel/
印度,Renewable Watch,竞对资讯 / 招标采购 / 电网建设,NTPC REL floats 600 MW wind turbine supply tender,NTPC REL 浮动600兆瓦风电机组供应招标,2026-08-20,https://renewablewatch.in/2026/08/20/ntpc-rel-floats-600-mw-wind-turbine-supply-tender/
土耳其,Anadolu Agency Energy – Wind,竞对资讯 / 审批政策,Türkiye's turns to offshore wind to expand renewable energy ambitions,Türkiye转向岸外风能扩张可再生能源野心,2026-08-12,https://www.aa.com.tr/en/energy/electricity/turkiyes-turns-to-offshore-wind-to-expand-renewable-energy-ambitions/58951
东南亚,ASEAN Wind Energy Expo,竞对资讯 / 招标采购,Vestas Secures 137 MW in New Wind Orders Across Europe and Latin America,Vestas 欧洲和拉丁美洲新风令中的137兆瓦,2026-08-09,https://www.aseanwindenergyexpo.com/article/show_article.php?id=399
印度,Energetica India – Wind Power,竞对资讯,Suzlon Secures 200 MW Wind Order from Ayana Renewable Power - Asia Pacific | Energetica India Magazine,Suzlon Secures 200 MW Wind Order of Ayana Releven Power - 亚太 能源印度杂志,2026-08-09,https://www.energetica-india.net/news/suzlon-secures-200-mw-wind-order-from-ayana-renewable-power
全球,Recharge,竞对资讯,Why a Danish wind dispute now risks becoming a headache across EU,为何丹麦的风力纠纷会让整个欧盟头痛?,2026-08-09,https://www.rechargenews.com/analysis/why-a-danish-wind-dispute-now-risks-becoming-a-headache-across-eu/2-1-2040179
土耳其,Anadolu Agency Energy – Wind,竞对资讯,Vestas secures 43-megawatt turbine agreement in Germany,德国的Vestas公司获得43兆瓦风机协议,2026-07-22,https://www.aa.com.tr/en/energy/wind/vestas-secures-43-megawatt-turbine-agreement-in-germany/58486
土耳其,Anadolu Agency Energy – Wind,竞对资讯,Eurowind begins work on 138-MW Romanian wind projects,Eurowind开始138-MW罗马尼亚风能项目的工作,2026-07-22,https://www.aa.com.tr/en/energy/wind/eurowind-begins-work-on-138-mw-romanian-wind-projects/58477
全球,Recharge,竞对资讯,Ranked: the UK's most profitable offshore wind farms,排名:英国最有利可图的岸外风电场,2026-07-09,https://www.rechargenews.com/finance/ranked-the-uks-most-profitable-offshore-wind-farms/2-1-2039543
东南亚,ASEAN Wind Energy Expo,竞对资讯,Goldwind Secures 89.7 MW Turbine Supply Deal for Thailand’s DKT1 Wind Project,泰国DKT1风力项目89.7兆瓦风机供应交易,2026-06-30,https://www.aseanwindenergyexpo.com/article/show_article.php?id=385
埃及,Daily News Egypt,竞对资讯,"Egypt signs MoU to establish first wind turbine factory, 2 GW wind farm in Gulf of Suez - Dailynewsegypt","埃及签署建立首个风力涡轮厂的谅解备忘录,",2026-06-24,https://www.dailynewsegypt.com/2026/06/24/egypt-signs-mou-to-establish-first-wind-turbine-factory-2-gw-wind-farm-in-gulf-of-suez/
埃及,Daily News Egypt,竞对资讯,Electricity minister reviews Ras Shukeir wind project progress with Orascom Construction,"电力部长回顾Ras Shukeir风能项目进展,",2026-06-09,https://www.dailynewsegypt.com/2026/09/06/electricity-minister-reviews-ras-shukeir-wind-project-progress-with-orascom-construction/
